PMID,Title,Authors,Journal/Book,Publication Year,DOI,Was the allocation sequence adequately generated and applied?,Were the groups similar at baseline or were they adjusted for confounders in the analysis?,Was the allocation to the different groups adequately concealed?,Were the animals randomly housed during the experiment?,Were the caregivers and/or investigators blinded from knowledge which intervention each animal received during the experiment?,Were animals selected at random for outcome assessment?,Was the outcome assessor blinded?,Were incomplete outcome data adequately addressed?,Are reports of the study free of selective outcome reporting?,Was the study apparently free of other problems that could result in high risk of bias? (Marked as 'unclear' if experimental unit is not explicitly reported),Notes
39432823,Yeast Extract Peptides Alleviate Depression in Chronic Restraint Stress Rats by Alleviating Hippocampal Neuronal Apoptosis and Dysbiosis of the Gut Microbiota,"Zou Z, Xiao N, Chen Z, Lin X, Li Y, Li P, Cheng Q, Du B.",Mol Nutr Food Res,2024,10.1002/mnfr.202300467,Yes,Similar at baseline,Unclear,Unclear,Unclear,Unclear,Unclear,Unclear,Yes,Unclear,"We assume Fig 1C is the FST data. It decribed as ""immobility time of rats in SPT"" in the legend."
39295891,A Comparison Study of Chaihu Shugan San and Fluoxetine on Antidepression and Regulating Blood Rheology Effects with Chronic Restrained Stress Rats,"Qian M, Peng R, Yue C, Yang Z, Zhu H, Liu B, Xie M.",Evid Based Complement Alternat Med,2020,10.1155/2020/6426383,Yes,Similar at baseline,Unclear,Unclear,Unclear,Unclear,Unclear,No,Yes,Unclear,"Methods describes n = 10, results report n = 8"
39214423,Glucocorticoid alleviates hypothalamic nerve injury via remodeling HPA axis homeostasis in stressed rats,"Yi S, Zhao B, Wei L, Yao Z, Yang B.",Behav Brain Res,2024,10.1016/j.bbr.2024.115223,Yes,Similar at baseline,Unclear,Unclear,Unclear,Unclear,Unclear,No,Yes,Unclear,"Methods describes n = 12, results report n = 6"
39178027,Effects of chronic stress on rat heart function following regional ischemia: a sex-dependent investigation,"Cairns M, Odendaal C, O'Brien C, Marais E, Oestlund I, Storbeck KH, Sishi B, Joseph D, Smith C, Essop MF.",Am J Physiol Heart Circ Physiol,2024,10.1152/ajpheart.00424.2024,Yes,Similar at baseline,Unclear,Unclear,Unclear,Unclear,Unclear,No,Yes,No,"""initial sample size: n = 8/group, per sex with an additional n = 4 male controls due to perfusion difficulties""; ""animals that fell off the maze were excluded from analyses""; n = 9 reported for male rats in the control group in the EPM."
38992775,Neuropathological implication of high blood bilirubin in patients and model rats with depression,"Gao Y, Ling Y, Li J, Xu Y, Ge J, Xia Q.",Brain Res Bull,2024,10.1016/j.brainresbull.2024.111028,Unclear,Similar at baseline,Unclear,Unclear,Unclear,Unclear,Unclear,Data complete,Yes,No,"""Twenty 4-week-old male Sprague–Dawley (SD) rats, weighing 200–220g, were purchased from Pizhou Oriental Breeding Co., Ltd"";  ""After 1 week of acclimation, 30 SD rats were divided into three groups"""
38882046,Microbiome Metabolomic Analysis of the Anxiolytic Effect of Baihe Dihuang Decoction in a Rat Model of Chronic Restraint Stress,"Tang L, Liu J, Yang H, Zhao HQ, Hu C, Ma SJ, Qing YH, Yang L, Zhou RR, Zhang SH.",Drug Des Devel Ther,2024,10.2147/DDDT.S458983,Unclear,Similar at baseline,Unclear,Unclear,Unclear,Unclear,Unclear,Unclear,Yes,Unclear,
38768165,Exploring pathogenesis and biomarkers through establishment of a rat model of male infertility with liver depression and kidney deficiency,"Shen Y, Fan J, Liu S, Tao L, Yang Q, Shen X.",PLoS One,2024,10.1371/journal.pone.0303189,Yes,Similar at baseline,Unclear,Unclear,Unclear,Unclear,Unclear,Unclear,Yes,Unclear,"Groups were n = 12, no indication of whether data from all 24 were reported."
38703343,"Neuroprotective Role of Selenium Nanoparticles Against Behavioral, Neurobiochemical and Histological Alterations in Rats Subjected to Chronic Restraint Stress","Elfakharany SA, Eskaros SS, Azhary NME, Abdelmonsif DA, Zeitoun TM, Ammar GAG, Hatem YA.",Mol Neurobiol,2024,10.1007/s12035-024-04196-3,Unclear,Similar at baseline,Unclear,Unclear,Unclear,Unclear,Yes,Unclear,Yes,Unclear,
38655362,Shenyu ningshen tablet reduced neuronal damage in the hippocampus of chronic restraint stress model rat by inhibiting A1-reactive astrocytes,"Wang Y, Li S, Chen M, Zeng M, Zhou L, Yao R, Pang B, Xu Y, Cao S, Guo S, Cui X.",Heliyon,2024,10.1016/j.heliyon.2024.e28916,Yes,Similar at baseline,Unclear,Unclear,Unclear,Unclear,Unclear,Data complete,Yes,Unclear,
37917302,Acupuncture Ameliorates Depression-Like Behaviors Through Modulating the Neuroinflammation Mediated by TLR4 Signaling Pathway in Rats Exposed to Chronic Restraint Stress,"Jiang H, Long X, Wang Y, Zhang X, Chen L, Yang X, Zhao B, Zhang Y, Chai Y, Bao T.",Mol Neurobiol,2024,10.1007/s12035-023-03737-6,Yes,Similar at baseline,Unclear,Unclear,Unclear,Unclear,Unclear,Unclear,Yes,Unclear,
37578355,(S)-Ketamine but Not (R)-Ketamine Shows Acute Effects on Depression-Like Behavior and Sleep-Wake Architecture in Rats,"Koncz S, Papp N, Pothorszki D, Bagdy G.",Int J Neuropsychopharmacol,2023,10.1093/ijnp/pyad050,No,Similar at baseline,Unclear,Unclear,Unclear,Unclear,Yes,Data complete,Yes,No,"""All rats in a given cage received identical treatment, which was chosen using randomization for cages""; ""The behavior of the animals was video-recorded for 5 minutes and later scored for immobility, swimming, climbing, and diving manually using EthoVision XT 15 (Noldus Information Technology, Wageningen, Netherlands) by 2 blinded experimenters"""
37315214,Date palm spathe extract reverses chronic stress-induced changes in dendritic arborization in the amygdala and impairment of hippocampal long-term potentiation,"Hadipour M, Meftahi GH, Jahromi GP.",Synapse,2023,10.1002/syn.22278,Unclear,Similar at baseline,Unclear,Unclear,Unclear,Unclear,Unclear,Unclear,Yes,Unclear,
37259443,Targeting the Endoplasmic Reticulum Stress-Linked PERK/GRP78/CHOP Pathway with Magnesium Sulfate Attenuates Chronic-Restraint-Stress-Induced Depression-like Neuropathology in Rats,"Arab HH, Khames A, Alsufyani SE, El-Sheikh AAK, Gad AM.",Pharmaceuticals (Basel),2023,10.3390/ph16020300,Yes,Similar at baseline,Unclear,Unclear,Unclear,Unclear,Unclear,Unclear,Yes,Unclear,
37201894,Functional magnetic resonance imaging study on anxiety and depression disorders induced by chronic restraint stress in rats,"Li Z, Ma Y, Dong B, Hu B, He H, Jia J, Xiong M, Xu T, Xu B, Xi W.",Behav Brain Res,2023,10.1016/j.bbr.2023.114496,Yes,Similar at baseline,Unclear,Unclear,Unclear,Unclear,Unclear,Data complete,Yes,Unclear,"""Rats were randomly divided into healthy control group (n = 12) and CRS model group (n = 10)"": unclear why they were not allocated equally"
37152003,Tarooneh extract relieves anxiety-like behaviors and cognitive deficits by inhibiting synaptic loss in the hippocampus and frontal cortex in rats subjected to chronic restraint stress,"Hadipour M, Refahi S, Jangravi Z, Meftahi GH.",3 Biotech,2023,10.1007/s13205-023-03577-0,Yes,Similar at baseline,Unclear,Unclear,Unclear,Unclear,Unclear,Unclear,Yes,Unclear,
36921909,Chronic restraint stress alters rat behavior depending on sex and duration of stress,"Pansarim V, Leite-Panissi CRA, Schmidt A.",Behav Processes,2023,10.1016/j.beproc.2023.104856,Unclear,Similar at baseline,Unclear,Unclear,Unclear,Unclear,Unclear,Unclear,Yes,Unclear,"""The animals arrived at seven weeks old (males and females weighing approximately 280 g and 200 g, respectively) and were housed in pairs of the same sex and the same experimental condition in polycarbonate cages""; ""One subject (male; stress 22 days) was excluded from data analysis due to a motor disorder that led to interrupting the experiment"""
36746244,Tryptophan-kynurenine metabolic characterization in the gut and brain of depressive-like rats induced by chronic restraint stress,"Li CC, Ye F, Xu CX, Jiang N, Chang Q, Liu XM, Pan RL.",J Affect Disord,2023,10.1016/j.jad.2023.02.008,Unclear,Unclear,Unclear,Unclear,Unclear,Unclear,Unclear,Unclear,Yes,Unclear,
36728843,Silent information regulator 1 mediates H 2 S-inhibited chronic restraint stress-induced depressive-like behaviors by regulating hippocampal autophagy,"Du L, Chen L, Luo B, Chen YJ, Zhang P, Tang YY, Jiang JM, Zou W.",Neuroreport,2023,10.1097/WNR.0000000000001870,Yes,Similar at baseline,Unclear,Unclear,Unclear,Unclear,Unclear,Unclear,Yes,Unclear,
36450831,A repeated measures cognitive affective bias test in rats: comparison with forced swim test,"Aliphon B, Dai T, Moretti J, Penrose-Menz M, Mulders WHAM, Blache D, Rodger J.",Psychopharmacology (Berl),2023,10.1007/s00213-022-06281-8,Unclear,Similar at baseline,Unclear,Unclear,Unclear,Unclear,Yes,Unclear,Yes,Unclear,Evaluator blinded for FST only
36345420,KXS Balances the Tryptophan Metabolism in Mild to Moderate Depressed Patients and Chronic Restraint Stress Induced Depressive Rats,"Wang Y, Li X, Jing R, Yang W, Wang Y, Wang C, Yao L, Cui X, Hu Y.",Neuropsychiatr Dis Treat,2022,10.2147/NDT.S377982,Unclear,Similar at baseline,Unclear,Unclear,Unclear,Unclear,Unclear,Data complete,Yes,Unclear,"""Rats were screened by sucrose preference test before recruitment. Eligible individuals were kept for follow-up management""; ""The depressed rats were randomly distributed into CRS group (n = 12) and KXS treated group (n = 12)"""
36162616,Melatonin attenuates chronic stress-induced hippocampal inflammatory response and apoptosis by inhibiting ADAM17/TNF-α axis,"Zhang H, Wei M, Sun N, Wang H, Fan H.",Food Chem Toxicol,2022,10.1016/j.fct.2022.113441,Yes,Similar at baseline,Unclear,Unclear,Unclear,Unclear,Unclear,No,Yes,Unclear,"""144 rats were randomly divided into 8 groups with 18 rats in each group and 3 rats in each cage"" : n = 12 reported for OFT (Fig 1)"
36100011,CRS induces depression-like behavior after MCAO in rats possibly by activating p38 MAPK,"Zhi L, Zhang F, Liu H, Jiang X, Zhang Y, Yang Q, Zhang X, Liu M, Zhang Z, Song J.",Behav Brain Res,2023,10.1016/j.bbr.2022.114104,Yes,Similar at baseline,Unclear,Unclear,Unclear,Unclear,Unclear,Data complete,Yes,Unclear,
35925279,Ketamine induces rapid antidepressant effects via the autophagy-NLRP3 inflammasome pathway,"Lyu D, Wang F, Zhang M, Yang W, Huang H, Huang Q, Wu C, Qian N, Wang M, Zhang H, Zheng S, Chen J, Fu Y, Zhang C, Li Z, Hong W.",Psychopharmacology (Berl),2022,10.1007/s00213-022-06201-w,No,Similar at baseline,Unclear,Unclear,Unclear,Unclear,Yes,Unclear,Yes,Unclear,""" forty WKY rats were randomly subjected to CRS (n = 32) or not subjected to CRS (forming a control group; n = 8)"";  ""After 28 days of CRS procedures, thirty-one of the 32 CRS rats remained alive"". Fig 1 reports n=8-12"
35873784,Study of Antidepressant-Like Effects of Albiflorin and Paeoniflorin Through Metabolomics From the Perspective of Cancer-Related Depression,"Zhao D, Zhang J, Zhu Y, He C, Fei W, Yue N, Wang C, Wang L.",Front Neurol,2022,10.3389/fneur.2022.828612,Yes,Similar at baseline,Unclear,Unclear,Unclear,Unclear,Unclear,Data complete,Yes,Unclear,"""all the rats were randomly assigned to the following five groups … with each experimental group consisting of eight mice"""
35814204,Xiaoyaosan Ameliorates Chronic Restraint Stress-Induced Depression-Like Phenotype by Suppressing A2AR Signaling in the Rat Striatum,"Zhu X, Ma Q, Yang F, Li X, Liu Y, Chen J, Li L, Chen M, Zou X, Yan L, Chen J.",Front Pharmacol,2022,10.3389/fphar.2022.897436,Yes,Similar at baseline,Unclear,Unclear,Unclear,Unclear,Unclear,Data complete,Yes,Unclear,
35780963,Comparative analysis of gut microbiota and fecal metabolome features among multiple depressive animal models,"Liu X, Li X, Teng T, Jiang Y, Xiang Y, Fan L, Yu Y, Zhou X, Xie P.",J Affect Disord,2022,10.1016/j.jad.2022.06.088,Yes,Similar at baseline,Unclear,Unclear,Unclear,Unclear,Unclear,No,Unclear,Unclear,"Randomisation to groups done using a ""computer randomization table"". Suppl Fig 1 shows exclusion of 23 rats in ""SPT endpoint test"", but it is not clear on what basis rats are excluded.  ""SPT baseline test"" excluded 4 rats with a sucrose preference of 0.574, based on the ""95 % reference interval"" - this was done before randomisation to groups. Only 40 rats from the ""susceptible"" group of 53 rats were taken forward to subsequent studies. ""rats randomly assigned in the four models as following ... CRS/Control = 12/10"", but Fig 1 legend: ""All behavioral results are presented as mean ± SEM (n = 10)"""
35727683,A rat study model of depression-driven chronic prostatitis by modulating the PI3K/Akt/mTOR network,"Feng JL, Hou D, Zhao C, Bao BH, Huang SY, Deng S, Meng FC, Zhao Q, Wang B, Li HS, Wang JS.",Andrologia,2022,10.1111/and.14488,Yes,Similar at baseline,Unclear,Unclear,Unclear,Unclear,Unclear,Data complete,Yes,Unclear,"Randomisation to groups done by a ""random number table method"". "
35615771,Mechanistic analysis of erectile dysfunction in a depression rat model,"Hong ZM, Chen ZL, Feng JL, Wang SJ, Qiu JF, Zeng YL, Wang Q, Wang JS.",J Int Med Res,2022,10.1177/03000605221100334,Yes,Similar at baseline,Unclear,Unclear,Unclear,Unclear,Unclear,Data complete,Yes,Unclear,
35569374,Co-exposure of chronic stress and alumina nanoparticles aggravates hippocampal microglia pyroptosis by activating cathepsin B/NLRP3 signaling pathway,"Zhang H, Wang J, Ruan C, Gao Z, Zhu Q, Li S.",J Hazard Mater,2022,10.1016/j.jhazmat.2022.129093,Yes,Similar at baseline,Unclear,Unclear,Unclear,Unclear,Unclear,Data complete,Yes,Unclear,"""rats were divided into 6 groups on average randomly"""
35528472,Kamikihito rescued depressive-like behaviors and hippocampus neurogenesis in chronic restraint stress rats,"Adachi N, Sakhri FZ, Ikemoto H, Ohashi Y, Kato M, Inoue T, Hisamitsu T, Sunagawa M.",J Tradit Complement Med,2021,10.1016/j.jtcme.2021.08.001,Yes,Similar at baseline,Unclear,Unclear,Unclear,Unclear,Unclear,Unclear,Yes,Unclear,
35252485,Chronic restraint stress produces sex-specific behavioral and molecular outcomes in the dorsal and ventral rat hippocampus,"Olave FA, Aguayo FI, Román-Albasini L, Corrales WA, Silva JP, González PI, Lagos S, García MA, Alarcón-Mardones M, Rojas PS, Xu X, Cidlowski JA, Aliaga E, Fiedler J.",Neurobiol Stress,2022,10.1016/j.ynstr.2022.100440,Unclear,Similar at baseline,Unclear,No,Unclear,Unclear,Yes,No,Yes,Unclear,"""rats were maintained in separate rooms by both sex and stress""; ""Three different cohort of rats were employed: one cohort was exclusively used for behavioral analysis (females: control = 10, stress = 10; males: control = 10, stress = 10)""; In legend for Fig 2: ""A decrease in sucrose preference was observed only in stressed males compared to controls. n = 9–10 rats per group"", ""Chronic stress decreased the discrimination index of object location in males, and increased it in females. n = 9–10 rats per group"", ""path length (n = 9–12 rats per group)"". Evaluator blind for object location task and novel object recognition task only."
35230663,Ginsenoside Rg1 Reduced Microglial Activation and Mitochondrial Dysfunction to Alleviate Depression-Like Behaviour Via the GAS5/EZH2/SOCS3/NRF2 Axis,"Li J, Gao W, Zhao Z, Li Y, Yang L, Wei W, Ren F, Li Y, Yu Y, Duan W, Li J, Dai B, Guo R.",Mol Neurobiol,2022,10.1007/s12035-022-02740-7,Unclear,Similar at baseline,Unclear,Unclear,Unclear,Unclear,Unclear,Unclear,Yes,Unclear,"""The animal treatment (n≥ 5) of the experiments"""
34780859,Differential effects of chronic stress on anxiety-like behavior and contextual fear conditioning in the TgF344-AD rat model of Alzheimer's disease,"Pentkowski NS, Bouquin SJ, Maestas-Olguin CR, Villasenor ZM, Clark BJ.",Behav Brain Res,2022,10.1016/j.bbr.2021.113661,Unclear,Similar at baseline,Unclear,Unclear,Unclear,Unclear,Yes,Unclear,Yes,Unclear,""" All non-automated behaviors for each test were scored by a single highly-trained observer blind to group assignment """
34704719,NLRP3-mediated Neuroinflammation Exacerbates Incisional Hyperalgesia and Prolongs Recovery After Surgery in Chronic Stressed Rats,"Meng Y, Zhuang L, Xue Q, Zhang J, Yu B.",Pain Physician,2021,https://www.painphysicianjournal.com/current/pdf?article=NzM1Mw%3D%3D&journal=139,Unclear,Similar at baseline,Unclear,No,Unclear,Unclear,Yes,Unclear,Yes,Unclear,"""The chronic stressed rats were housed in separate cages, while the control rats were housed 3 rats to a cage"". Evaluator blinded for FST only"
34646421,Jie-Yu-He-Huan Capsule Ameliorates Anxiety-Like Behaviours in Rats Exposed to Chronic Restraint Stress via the cAMP/PKA/CREB/BDNF Signalling Pathway,"Geng X, Wu H, Li Z, Li C, Chen D, Zong J, Liu Z, Wei S, Peng W.",Oxid Med Cell Longev,2021,10.1155/2021/1703981,Yes,Similar at baseline,Unclear,Unclear,Unclear,Unclear,Unclear,Unclear,Yes,Unclear,
34409523,"Therapeutic Potential of Curcumin in Reversing the Depression and Associated Pseudodementia via Modulating Stress Hormone, Hippocampal Neurotransmitters, and BDNF Levels in Rats","Afzal A, Batool Z, Sadir S, Liaquat L, Shahzad S, Tabassum S, Ahmad S, Kamil N, Perveen T, Haider S.",Neurochem Res,2021,10.1007/s11064-021-03430-x,Yes,Similar at baseline,Unclear,Unclear,Unclear,Unclear,Unclear,Data complete,Yes,Unclear,
34167364,Effects of Achillea tenuifolia Lam. hydro-alcoholic extract on anxiety-like behavior and reproductive parameters in rat model of chronic restraint stress,"Bagheri Y, Fathi E, Maghoul A, Moshtagh S, Mokhtari K, Abdollahpour A, Montazersaheb S, Bagheri A.",Hum Exp Toxicol,2021,10.1177/09603271211026723,Yes,Similar at baseline,Unclear,Unclear,Unclear,Unclear,Yes,No,Yes,Unclear,"""Male Wistar rats (n = 35), (230–250 g) were purchased from Pasture Institute … rats were randomly divided into five groups, including nine rats in each group"". Table 1 (EPM): ""n=7""; n not given for SPT data. Evaluator blinded for EPM only."
34052298,Spilanthes acmella Murr. ameliorates chronic stress through improving mitochondrial function in chronic restraint stress rats,"Suwanjang W, Ruankham W, Chetsawang B, Mukda S, Ngampramuan S, Srisung S, Prachayasittikul V, Prachayasittikul S.",Neurochem Int,2021,10.1016/j.neuint.2021.105083,Unclear,Similar at baseline,Unclear,Unclear,Unclear,Unclear,Unclear,Data complete,Yes,Unclear,
34025340,Tetramethylpyrazine Alleviates Behavioral and Psychological Symptoms of Dementia Through Facilitating Hippocampal Synaptic Plasticity in Rats With Chronic Cerebral Hypoperfusion,"Tan Z, Qiu J, Zhang Y, Yang Q, Yin X, Li J, Liu G, Li H, Yang G.",Front Neurosci,2021,10.3389/fnins.2021.646537,Yes,Unclear,Unclear,Unclear,Unclear,Unclear,Yes,Unclear,Yes,Unclear,"140 rats used, ""rats were randomly designated into four groups: Sham (without stress), CRS (Sham with CRS)"", biut not clear how many rats in each group. Fig 1 reports n=20 in each group."
33766670,Chronic restraint stress induced changes in colonic homeostasis-related indexes and tryptophan-kynurenine metabolism in rats,"Li CC, Gan L, Tan Y, Yan MZ, Liu XM, Chang Q, Pan RL.",J Proteomics,2021,10.1016/j.jprot.2021.104190,Unclear,Similar at baseline,Unclear,Unclear,Unclear,Unclear,Unclear,Unclear,Yes,Unclear,
33545198,Protective effect of ginsenoside Rb1 against chronic restraint stress (CRS)-induced memory impairments in rats,"Jiang N, Wang K, Zhang Y, Huang H, Lv JW, Wang Q, Wang HX, Xia TJ, Liu XM.",Behav Brain Res,2021,10.1016/j.bbr.2021.113146,Yes,Similar at baseline,Unclear,Unclear,Unclear,Unclear,Unclear,Data complete,Yes,Unclear,
33505499,Xiaoyaosan Exerts Therapeutic Effects on the Colon of Chronic Restraint Stress Model Rats via the Regulation of Immunoinflammatory Activation Induced by the TLR4/NLRP3 Inflammasome Signaling Pathway,"Zhu HZ, Liang YD, Hao WZ, Ma QY, Li XJ, Li YM, Chen JX.",Evid Based Complement Alternat Med,2021,10.1155/2021/6673538,Yes,Similar at baseline,Unclear,Unclear,Unclear,Unclear,Unclear,No,Yes,Unclear,"""the rats were randomly divided into 4 groups … with 13 rats allocated to each group""; SPT and FST figures state n=8."
33291797,Ca(v)1.2 Activity and Downstream Signaling Pathways in the Hippocampus of An Animal Model of Depression,"Moreno C, Hermosilla T, Hardy P, Aballai V, Rojas P, Varela D.",Cells,2020,10.3390/cells9122609,Unclear,Similar at baseline,Unclear,Unclear,Unclear,Unclear,Unclear,Unclear,Yes,Unclear,
33276022,Whole body vibration training improves depression-like behaviors in a rat chronic restraint stress model,"Peng G, Yang L, Wu CY, Zhang LL, Wu CY, Li F, Shi HW, Hou J, Zhang LM, Ma X, Xiong J, Pan H, Zhang GQ.",Neurochem Int,2021,10.1016/j.neuint.2020.104926,Yes,Similar at baseline,Unclear,Unclear,Yes,Yes,Yes,Data complete,Yes,Unclear,
33052137,Free Wanderer Powder regulates AMPA receptor homeostasis in chronic restraint stress-induced rat model of depression with liver-depression and spleen-deficiency syndrome,"Xi S, Yue G, Liu Y, Wang Y, Qiu Y, Li Z, Ma P, Liu T, Jiang Y, Liang Y, Liu Q, Shi J, Chen J, Yue L.",Aging (Albany NY),2020,10.18632/aging.103912,Yes,Similar at baseline,Unclear,Unclear,Unclear,Unclear,Unclear,No,Yes,Unclear,"Rats allocated to groups of 20 but ""n=19 or 20"" reported in legend for Fig 4."
32827575,The involvement of Notch1 signaling pathway in mid-aged female rats under chronic restraint stress,"Shen J, Lin L, Liao L, Liang W, Yang X, Lin K, Ke L, Zhang L, Kang J, Ding S, Li C, Zheng Z.",Neurosci Lett,2020,10.1016/j.neulet.2020.135313,Yes,Similar at baseline,Unclear,Unclear,Unclear,Unclear,Unclear,Unclear,Yes,Unclear,
32813905,An optimized spectrophotometric assay reveals increased activity of enzymes involved in 2-arachidonoyl glycerol turnover in the cerebral cortex of a rat model of Alzheimer's disease,"Rodrigues MS, Ferreira C, Dias C, Pliássova A, Souza L, Ledo A, Laranjinha J, Cunha RA, Köfalvi A.",Eur J Neurosci,2022,10.1111/ejn.14944,Yes,Similar at baseline,Unclear,Unclear,Unclear,Unclear,Unclear,Unclear,Yes,Unclear,
32768618,Strain Differences in Responsiveness to Repeated Restraint Stress Affect Remote Contextual Fear Memory and Blood Transcriptomics,"Jung SH, Meckes JK, Schipma MJ, Lim PH, Jenz ST, Przybyl K, Wert SL, Kim S, Luo W, Gacek SA, Jankord R, Hatcher-Solis C, Redei EE.",Neuroscience,2020,10.1016/j.neuroscience.2020.07.052,Unclear,Similar at baseline,Unclear,Unclear,Unclear,Unclear,Unclear,Unclear,Yes,Unclear,
32502515,Multi-omics analysis of pathological changes in the amygdala of rats subjected to chronic restraint stress,"Li Z, Gao C, Peng J, Liu M, Cong B.",Behav Brain Res,2020,10.1016/j.bbr.2020.112735,Yes,Similar at baseline,Unclear,Unclear,Unclear,Unclear,Unclear,Data complete,Yes,Unclear,
31430442,Changes in gonadal function at different stages of chronic restraint stress-induced depression animals,"Liu B, Zhao L, Yue C, Qian M, Xie M.",Physiol Behav,2019,10.1016/j.physbeh.2019.112656,Yes,Similar at baseline,Unclear,Unclear,Unclear,Yes,Unclear,No,Yes,Unclear,"30 rats in CRS group, ten selected randomly for testing atdifferent points during CRS procedure. 10 rats/group reported but n=8 reported in Figs 2 and 3."
30740068,Brain-Derived Neurotrophic Factor Precursor in the Hippocampus Regulates Both Depressive and Anxiety-Like Behaviors in Rats,"Zhong F, Liu L, Wei JL, Hu ZL, Li L, Wang S, Xu JM, Zhou XF, Li CQ, Yang ZY, Dai RP.",Front Psychiatry,2019,10.3389/fpsyt.2018.00776,Unclear,Similar at baseline,Unclear,Unclear,Unclear,Unclear,Unclear,Unclear,Yes,Unclear,
30735600,Hippocampal activation of 5-HT(1B) receptors and BDNF production by vagus nerve stimulation in rats under chronic restraint stress,"Shin HC, Jo BG, Lee CY, Lee KW, Namgung U.",Eur J Neurosci,2019,10.1111/ejn.14368,Unclear,Similar at baseline,Unclear,Unclear,Unclear,Unclear,Unclear,Data complete,Yes,Unclear,
30656862,Electroconvulsive treatment prevents chronic restraint stress-induced atrophy of the hippocampal formation-A stereological study,"Alemu JL, Elberling F, Azam B, Pakkenberg B, Olesen MV.",Brain Behav,2019,10.1002/brb3.1195,Unclear,Similar at baseline,Unclear,Unclear,Unclear,Unclear,Unclear,Unclear,Yes,Unclear,Includes FST data from a previous study (10.1002/hipo.22351)
30464774,Effect of Restraint Stress on Plasma PTH Concentration and Its Molecular Targets Expressions in Wistar Rats,"Terzioglu-Usak S, Elibol B, Dalli T, Guler C, Aysan E.",Int J Endocrinol Metab,2018,10.5812/ijem.66979,Yes,Similar at baseline,Unclear,Unclear,Unclear,Unclear,Unclear,Unclear,Yes,Unclear,"Blinding was only for TST, apparently not EPM. 42 rats were aquired, only 28 used in CRS study."
30458283,Hippocampal orexin receptor blocking prevented the stress induced social learning and memory deficits,"Bahramzadeh Zoeram S, Elahdadi Salmani M, Lashkarbolouki T, Goudarzi I.",Neurobiol Learn Mem,2019,10.1016/j.nlm.2018.11.009,Unclear,Similar at baseline,Unclear,Unclear,Unclear,Unclear,Unclear,Unclear,Yes,Unclear,
29561292,Behavioral effects of toll-like receptor-4 antagonist 'eritoran' in an experimental model of depression: role of prefrontal and hippocampal neurogenesis and γ-aminobutyric acid/glutamate balance,"Aboul-Fotouh S, Habib M, Asaad T, Kassim SK, Ghanem MH.",Behav Pharmacol,2018,10.1097/FBP.0000000000000390,Unclear,Similar at baseline,Unclear,Unclear,Unclear,Unclear,Unclear,Data complete,Yes,Unclear,
29379991,Metformin potentiates cognitive and antidepressant effects of fluoxetine in rats exposed to chronic restraint stress and high fat diet: potential involvement of hippocampal c-Jun repression,"Khedr SA, Elmelgy AA, El-Kharashi OA, Abd-Alkhalek HA, Louka ML, Sallam HA, Aboul-Fotouh S.",Naunyn Schmiedebergs Arch Pharmacol,2018,10.1007/s00210-018-1466-8,Unclear,Similar at baseline,Unclear,Unclear,Unclear,Unclear,Unclear,No,Yes,Unclear,Methods describes n=12 in each group. Table 1 shows n=10 for controls and n=11 for CRS.
29317595,Hippocampal metabolic differences implicate distinctions between physical and psychological stress in four rat models of depression,"Liu L, Zhou X, Zhang Y, Pu J, Yang L, Yuan S, Zhao L, Zhou C, Zhang H, Xie P.",Transl Psychiatry,2018,10.1038/s41398-017-0018-1,Yes,Similar at baseline,Unclear,Unclear,Unclear,Unclear,Unclear,Unclear,Yes,Unclear,"""Each individual model included 28–30 rats after screening. The screening process was performed as previously described20,21. The remaining rats were then randomly allocated to the stress or control group."""
29175030,Changes of the brain activities after chronic restraint stress in rats: A study based on (18)F-FDG PET,"Wei K, Bao W, Zhao Z, Zhou W, Liu J, Wei Y, Li M, Wu X, Liu B, Du Y, Gong W, Dong J.",Neurosci Lett,2018,10.1016/j.neulet.2017.11.047,Yes,Similar at baseline,Unclear,Unclear,Unclear,Unclear,Unclear,No,Yes,Unclear,"""Rats were randomly divided into 2 groups: the normal control group and the CRS group, with 10 rats in each group"", but Fig 3 (FST) reports n=8."
28866053,Anti-oxidative effects of safranal on immobilization-induced oxidative damage in rat brain,"Samarghandian S, Samini F, Azimi-Nezhad M, Farkhondeh T.",Neurosci Lett,2017,10.1016/j.neulet.2017.08.065,Yes,Unclear,Unclear,Unclear,Yes,Yes,Yes,Data complete,Yes,Unclear,Rats' sex not given.
28763303,Insights into the potential antidepressant mechanisms of cilostazol in chronically restraint rats: impact on the Nrf2 pathway,"Abuelezz SA, Hendawy N.",Behav Pharmacol,2018,10.1097/FBP.0000000000000335,Yes,Similar at baseline,Unclear,Unclear,Unclear,Unclear,Unclear,Data complete,Yes,Unclear,
28662512,RU486 Reverses Emotional Disorders by Influencing Astrocytes and Endoplasmic Reticulum Stress in Chronic Restraint Stress Challenged Rats,"Dong L, Wang S, Li Y, Zhao Z, Shen Y, Liu L, Xu G, Ma C, Li S, Zhang X, Cong B.",Cell Physiol Biochem,2017,10.1159/000478764,Yes,Similar at baseline,Unclear,Unclear,Unclear,Unclear,Unclear,Unclear,Yes,Unclear,
28420875,Down-regulation of cholinergic signaling in the habenula induces anhedonia-like behavior,"Han S, Yang SH, Kim JY, Mo S, Yang E, Song KM, Ham BJ, Mechawar N, Turecki G, Lee HW, Kim H.",Sci Rep,2017,10.1038/s41598-017-01088-6,Yes,Unclear,Unclear,Unclear,Unclear,Unclear,Unclear,Unclear,Yes,Unclear,Rats' ages/weights not given
28388904,Effect of traditional Chinese medicine formula Sinisan on chronic restraint stress-induced nonalcoholic fatty liver disease: a rat study,"Cheng F, Ma C, Wang X, Zhai C, Wang G, Xu X, Mu J, Li C, Wang Z, Zhang X, Yue W, Du X, Lian Y, Zhu W, Yin X, Wei Z, Song W, Wang Q.",BMC Complement Altern Med,2017,10.1186/s12906-017-1707-2,Yes,Similar at baseline,Unclear,Unclear,Unclear,Unclear,Unclear,Data complete,Yes,Unclear,
28293639,Proteomic Analysis of Liver Proteins in a Rat Model of Chronic Restraint Stress-Induced Depression,"Li C, Guo Z, Zhao R, Sun W, Xie M.",Biomed Res Int,2017,10.1155/2017/7508316,Yes,Similar at baseline,Unclear,Unclear,Unclear,Unclear,Unclear,Unclear,Yes,Unclear,
27957715,Anxiolytic effects of muscarinic acetylcholine receptors agonist oxotremorine in chronically stressed rats and related changes in BDNF and FGF2 levels in the hippocampus and prefrontal cortex,"Di Liberto V, Frinchi M, Verdi V, Vitale A, Plescia F, Cannizzaro C, Massenti MF, Belluardo N, Mudò G.",Psychopharmacology (Berl),2017,10.1007/s00213-016-4498-0,Yes,Similar at baseline,Unclear,Unclear,Unclear,Yes,Unclear,Unclear,Yes,Unclear,Sample size varies between behavioural tests
27927737,The ROCK Inhibitor Fasudil Prevents Chronic Restraint Stress-Induced Depressive-Like Behaviors and Dendritic Spine Loss in Rat Hippocampus,"García-Rojo G, Fresno C, Vilches N, Díaz-Véliz G, Mora S, Aguayo F, Pacheco A, Parra-Fiedler N, Parra CS, Rojas PS, Tejos M, Aliaga E, Fiedler JL.",Int J Neuropsychopharmacol,2017,10.1093/ijnp/pyw108,Yes,Similar at baseline,Unclear,Unclear,Yes,Unclear,Yes,No,Yes,Unclear,Method states control and CRS goups are both n=16; Fig 2 legend (FST) gives n=7 for both groups
27916420,Potential involvement of JNK1 repression in the hepatic effect of sitagliptin and metformin in rats subjected to high fat diet and chronic mild distress,"Magdy YM, El-Kharashi OA, Nabih ES, Shaker SM, Abd-Elaziz LF, Aboul-Fotouh S.",Biomed Pharmacother,2017,10.1016/j.biopha.2016.10.098,Unclear,Similar at baseline,Unclear,Unclear,Unclear,Unclear,Unclear,Data complete,Yes,Unclear,
27346276,"Resveratrol reverses chronic restraint stress-induced depression-like behaviour: Involvement of BDNF level, ERK phosphorylation and expression of Bcl-2 and Bax in rats","Wang X, Xie Y, Zhang T, Bo S, Bai X, Liu H, Li T, Liu S, Zhou Y, Cong X, Wang Z, Liu D.",Brain Res Bull,2016,10.1016/j.brainresbull.2016.06.014,Yes,Similar at baseline,Unclear,Unclear,Unclear,Unclear,Yes,Unclear,Yes,Unclear,Evaluator blinded for FST only
27150225,Behavioral effects and CRF expression in brain structures of high- and low-anxiety rats after chronic restraint stress,"Wisłowska-Stanek A, Lehner M, Skórzewska A, Krząścik P, Płaźnik A.",Behav Brain Res,2016,10.1016/j.bbr.2016.05.001,Yes,Similar at baseline,Unclear,Unclear,Unclear,Unclear,Yes,Data complete,Yes,Unclear,"Rats randomised to groups after screening ""according to their behavior in the conditioned fear test"". Evaluator blinded for FST only"
27023176,Nature and nurture: environmental influences on a genetic rat model of depression,"Mehta-Raghavan NS, Wert SL, Morley C, Graf EN, Redei EE.",Transl Psychiatry,2016,10.1038/tp.2016.28,No,Similar at baseline,N/a,Unclear,Unclear,Unclear,Yes,Unclear,Yes,Unclear,"""Given that these strains are both inbred, groups were not randomized, but the animals from each litter were divided into different treatment groups"". Evaluator blinded for FST only"
26947756,The identification of metabolic disturbances in the prefrontal cortex of the chronic restraint stress rat model of depression,"Liu L, Zhou X, Zhang Y, Liu Y, Yang L, Pu J, Zhu D, Zhou C, Xie P.",Behav Brain Res,2016,10.1016/j.bbr.2016.03.005,Yes,Similar at baseline,Unclear,Unclear,Unclear,No,Unclear,Data complete,Yes,Unclear,"""We used both the LAT and SPT data to determine outliers [44]. Values beyond the 95% reference interval in the LAT or the 95% percentile interval in the SPT were regarded as spurious values and eliminated from the data. As a result, five outliers were excluded following the LAT and SPT (Fig. S1A and B), leaving 20CRS and 10CON rats. No significant statistical differences in locomotor activity or sucrose preference were found between the two groups (Fig. S1C and D). After CRS exposure, eight rats were defined as CRS susceptible based on the SPT, and the remaining 12 rats were designated as CRS resilient. According to the aim of the study, only susceptible rats were chosen for further research. To keep the quantity balance between the two groups, eight rats in the CON group were randomly selected. Finally, the 16 chosen rats (Susceptible group, n = 8; CON group, n = 8) were compared""."
26830848,"Age-related effects of chronic restraint stress on ethanol drinking, ethanol-induced sedation, and on basal and stress-induced anxiety response","Fernández MS, Fabio MC, Miranda-Morales RS, Virgolini MB, De Giovanni LN, Hansen C, Wille-Bille A, Nizhnikov ME, Spear LP, Pautassi RM.",Alcohol,2016,10.1016/j.alcohol.2015.11.009,Unclear,Unclear,Unclear,Unclear,Unclear,Unclear,Unclear,Unclear,Yes,Unclear,
26778944,Chronic Stress Decreases Cerebrovascular Responses During Rat Hindlimb Electrical Stimulation,"Lee S, Kang BM, Shin MK, Min J, Heo C, Lee Y, Baeg E, Suh M.",Front Neurosci,2015,10.3389/fnins.2015.00462,Unclear,Similar at baseline,Unclear,Unclear,Unclear,Unclear,Unclear,Data complete,Yes,Unclear,
26555398,Behavioural and biochemical changes in maternally separated Sprague-Dawley rats exposed to restraint stress,"van Zyl PJ, Dimatelis JJ, Russell VA.",Metab Brain Dis,2016,10.1007/s11011-015-9757-y,Unclear,Similar at baseline,Unclear,Unclear,Unclear,Unclear,Yes,Unclear,Yes,Unclear,"Evaluator blinded for FST only. Methods states control and CRS groups are both n=13 and other groups are n=12, figures 1 and 2 report n=12-13."
26487859,Electroacupuncture pretreatment exhibits anti-depressive effects by regulating hippocampal proteomics in rats with chronic restraint stress,"Guo Z, Tu Y, Guo TW, Wu YC, Yang XQ, Sun L, Yang XJ, Zhang WY, Wang Y, Zhang XH.",Neural Regen Res,2015,10.4103/1673-5374.162764,Yes,Similar at baseline,Unclear,Unclear,Unclear,Unclear,Yes,Data complete,Yes,Unclear,Evaluator blinded for OFT
26010004,Association of N-cadherin levels and downstream effectors of Rho GTPases with dendritic spine loss induced by chronic stress in rat hippocampal neurons,"Castañeda P, Muñoz M, García-Rojo G, Ulloa JL, Bravo JA, Márquez R, García-Pérez MA, Arancibia D, Araneda K, Rojas PS, Mondaca-Ruff D, Díaz-Véliz G, Mora S, Aliaga E, Fiedler JL.",J Neurosci Res,2015,10.1002/jnr.23602,Yes,Similar at baseline,Unclear,Unclear,Unclear,Unclear,Yes,Unclear,Yes,Unclear,"Methods describe n=28 for control and CRS groups, but only a subset (n=8) used for the SPT and FST"
25826421,"The effects of antidepressants ""fluoxetine and imipramine"" on vascular abnormalities and Toll like receptor-4 expression in diabetic and non-diabetic rats exposed to chronic stress","Habib M, Shaker S, El-Gayar N, Aboul-Fotouh S.",PLoS One,2015,10.1371/journal.pone.0120559,Unclear,Similar at baseline,Unclear,Unclear,Unclear,Unclear,Unclear,Unclear,Yes,Unclear,"Methods state control and CRS groups are n=10 and n=11 respectively, but Fig 1 lgend describes n=9-14."
25660342,Involvement of trigeminal astrocyte activation in masseter hyperalgesia under stress,"Zhao YJ, Liu Y, Li Q, Zhao YH, Wang J, Zhang M, Chen YJ.",Physiol Behav,2015,10.1016/j.physbeh.2015.02.005,Unclear,Similar at baseline,Unclear,Unclear,Yes,Unclear,Yes,Data complete,Yes,Unclear,Evaluator blinded for all behavioural tests.
25446675,Insulin-like growth factor 2 mitigates depressive behavior in a rat model of chronic stress,"Luo YW, Xu Y, Cao WY, Zhong XL, Duan J, Wang XQ, Hu ZL, Li F, Zhang JY, Zhou M, Dai RP, Li CQ.",Neuropharmacology,2015,10.1016/j.neuropharm.2014.10.011,Yes,Similar at baseline,Unclear,Unclear,Unclear,Unclear,Yes,Unclear,Yes,Unclear,Evaluator blinded for FST.
25315361,Behavioral effects of nicotinic antagonist mecamylamine in a rat model of depression: prefrontal cortex level of BDNF protein and monoaminergic neurotransmitters,Aboul-Fotouh S.,Psychopharmacology (Berl),2015,10.1007/s00213-014-3745-5,Unclear,Similar at baseline,Unclear,Unclear,Unclear,Unclear,Unclear,Unclear,Yes,Unclear,
25139647,"Electroconvulsive stimulation, but not chronic restraint stress, causes structural alterations in adult rat hippocampus--a stereological study","Olesen MV, Wörtwein G, Pakkenberg B.",Hippocampus,2015,10.1002/hipo.22351,Yes,Similar at baseline,Unclear,Unclear,Unclear,Unclear,Yes,No,Yes,Unclear,"Evaluator blinded for FST. Methods section states all groups are n=12, Fig 3 legend states n=11-12."
